<?xml version="1.0" encoding="UTF-8" standalone="yes"?>
<addon id="repository.Fishenzon" name="Fishenzon repo" version="1.0.2" provider-name="Fishenzon">
	<extension point="xbmc.addon.repository" name="Fishenzon repo">
		<dir>
			<info compressed="false">https://raw.githubusercontent.com/mayaperetz/repo/master/addons.xml</info>
			<checksum>https://raw.githubusercontent.com/mayaperetz/repo/master/addons.xml.md5</checksum>
			<datadir zip="true">https://raw.githubusercontent.com/mayaperetz/repo/master/zips</datadir>
		</dir>
	</extension>
	<extension point="xbmc.addon.metadata">
		<assets>
			<icon>icon.png</icon>
		</assets>
		<summary>Fishenzon Repo</summary>
		<description>Fishenzon Repo</description>
		<platform>all</platform>
	</extension>
</addon>

